Nimi,Osakond
Aivo Teder,Muuk
Andres Karl Kukk,Personal
Anette Kuusk,Raamatupidamine
Annabel Jurgens,Personal
Annabel Saar,Muuk
Anne-Mai Koppel,Muuk
Anneli Koppel,Toimetajad
Anneli Pihl,Raamatupidamine
Anneli Roos,IT
Annika Koppel,IT
Annika Rand,Juhtkond
Erki Niit,Haldus
Evelin Koppel,IT
Evelin Mets,Juhtkond
Evelin Rand,Raamatupidamine
Evelin Soosaar,Personal
Grete Maasikas,Personal
Grete Oja,Toimetajad
Grete Rand,Muuk
Grete Teder,Juhtkond
Hannes Maasik,Raamatupidamine
Hannes Room,Juhtkond
Heidi Katrin Parn,Haldus
Heidi Kuusk,Muuk
Heidy Maasikas,Juhtkond
Heidy Poder,Toimetajad
Heiki Laanemets,Juhtkond
Heiki Niit,IT
Helena Vool,Personal
Hendrik Lepp,Raamatupidamine
Hendrik Lill,Personal
Hendrik Poder,IT
Indrek Kask,Personal
Indrek Laanemets,Muuk
Jaanus Reinsalu,IT
Janek Jarv,Muuk
Janika Laanemets,Raamatupidamine
Jurgen Saare,Juhtkond
Kaia Koppel,Muuk
Kaia Kuusk,Haldus
Kaia Lepp,Toimetajad
Kaia Lill,Juhtkond
Kairit Poder,Muuk
Kairit Rand,IT
Karina Mets,Raamatupidamine
Karina Oja,Toimetajad
Karina Oun,IT
Karl Hendrik Roos,Haldus
Karmen Pihl,Haldus
Karmen Veer,Juhtkond
Karolin Lepp,Juhtkond
Karolin Teder,Personal
Keidi Jurgens,Raamatupidamine
Kertu Pihl,Raamatupidamine
Kertu Rand,Toimetajad
Kristel Ois,Toimetajad
Kristiina Rand,Haldus
Kristiina Reet Lepp,Personal
Kristjan Laanemets,Toimetajad
Kristjan Vool,IT
Kristo Oja,Muuk
Kristo Rand,Raamatupidamine
Kristo Oun,Juhtkond
Katlin Anette Laanemets,IT
Katlin Oja,Haldus
Katlin Roos,Toimetajad
Laura Oun,Muuk
Lauri Tamme,IT
Leelo Kuusk,Raamatupidamine
Liina Maasikas,Juhtkond
Liisa Kristi Kivimagi,IT
Liisa Oja,Juhtkond
Liisi Teder,Personal
Liisi Vool,Toimetajad
Maarja Saar,Personal
Maarja Ois,Juhtkond
Madis Kuusk,Toimetajad
Madis Kuusk,Juhtkond
Madis Roos,Muuk
Madis Tamme,Raamatupidamine
Madis Vool,Haldus
Margus Reinsalu,IT
Mari-Liis Kask,IT
Maris Pehk,Haldus
Mark Saare,Muuk
Marko Oun,Personal
Mart Maasikas,IT
Mart Saar,Personal
Marten Roos,Haldus
Marten Saare,Toimetajad
Marten Vool,Muuk
Martin Maasik,Haldus
Martin Teder,Toimetajad
Martti Oja,Raamatupidamine
Meelis Kaasik,Personal
Meelis Poder,Toimetajad
Mihkel Oja,Juhtkond
Oliver Lepp,Haldus
Oliver Maasik,Raamatupidamine
Oliver Pihl,Haldus
Oliver Teder,Toimetajad
Oskar Tamm,Raamatupidamine
Priit Martin Tamm,IT
Priit Poder,Muuk
Priit Tamme,Haldus
Priit Oun,Raamatupidamine
Raimo Lill,Raamatupidamine
Raimo Lille,Haldus
Raimo Poder,Personal
Rainer Tamme,Juhtkond
Rainer Vaher,IT
Rita Mari Rand,Haldus
Sander Laanemets,IT
Sandra Maasikas,Toimetajad
Sandra Oja,Personal
Sandra Tamme,Muuk
Siim Mihkel Mets,IT
Siiri Koppel,Haldus
Siiri Kuusk,Toimetajad
Siiri Mets,Raamatupidamine
Siiri Teder,Raamatupidamine
Sirje Lille,Muuk
Taavi Reet Mets,Personal
Taavi Uibo,Haldus
Taivo Jarv,Juhtkond
Taivo Mets,Toimetajad
Tarmo Kuusk,Juhtkond
Tiina Jarv,Muuk
Triin Evelin Roigas,IT
Tonu Kask,Personal
Uku Maasik,Haldus
Viivi Saare,Raamatupidamine
